<?xml version="1.0"?>
<Runs Version="1" Minor="0">
	<Run Id="ayud9_rst_ps7_0_50M_0_synth_1" LaunchDir="C:/Users/Agustin Kamke/OneDrive/Escritorio/AYUD09/AYUD09.runs/ayud9_rst_ps7_0_50M_0_synth_1" FlowId="Vivado_Synthesis" FromStepId="vivado" ToStepId="vivado"/>
	<Run Id="ayud9_processing_system7_0_0_synth_1" LaunchDir="C:/Users/Agustin Kamke/OneDrive/Escritorio/AYUD09/AYUD09.runs/ayud9_processing_system7_0_0_synth_1" FlowId="Vivado_Synthesis" FromStepId="vivado" ToStepId="vivado"/>
	<Run Id="ayud9_axi_gpio_0_0_synth_1" LaunchDir="C:/Users/Agustin Kamke/OneDrive/Escritorio/AYUD09/AYUD09.runs/ayud9_axi_gpio_0_0_synth_1" FlowId="Vivado_Synthesis" FromStepId="vivado" ToStepId="vivado"/>
	<Run Id="ayud9_auto_pc_0_synth_1" LaunchDir="C:/Users/Agustin Kamke/OneDrive/Escritorio/AYUD09/AYUD09.runs/ayud9_auto_pc_0_synth_1" FlowId="Vivado_Synthesis" FromStepId="vivado" ToStepId="vivado"/>
	<Run Id="synth_1" LaunchDir="C:/Users/Agustin Kamke/OneDrive/Escritorio/AYUD09/AYUD09.runs/synth_1" FlowId="Vivado_Synthesis" FromStepId="vivado" ToStepId="vivado">
		<Parent Id="ayud9_rst_ps7_0_50M_0_synth_1"/>
		<Parent Id="ayud9_processing_system7_0_0_synth_1"/>
		<Parent Id="ayud9_axi_gpio_0_0_synth_1"/>
		<Parent Id="ayud9_auto_pc_0_synth_1"/>
	</Run>
	<Run Id="impl_1" LaunchDir="C:/Users/Agustin Kamke/OneDrive/Escritorio/AYUD09/AYUD09.runs/impl_1" FlowId="Vivado_Implementation" FromStepId="init_design" ToStepId="write_bitstream">
		<Parent Id="synth_1"/>
		<Parent Id="ayud9_rst_ps7_0_50M_0_synth_1"/>
		<Parent Id="ayud9_processing_system7_0_0_synth_1"/>
		<Parent Id="ayud9_axi_gpio_0_0_synth_1"/>
		<Parent Id="ayud9_auto_pc_0_synth_1"/>
	</Run>
	<Parameters>
		<Parameter Name="runs.monitorLSFJobs" Val="true" Type="bool"/>
		<Parameter Name="runs.enableClusterConf" Val="true" Type="bool"/>
	</Parameters>
</Runs>

