<?xml version="1.0" encoding="UTF-8"?>
<GenRun Id="synth_1" LaunchPart="xc7z010clg400-1" LaunchTime="1698984767">
  <File Type="PA-TCL" Name="ayud9_wrapper.tcl"/>
  <File Type="RDS-PROPCONSTRS" Name="ayud9_wrapper_drc_synth.rpt"/>
  <File Type="REPORTS-TCL" Name="ayud9_wrapper_reports.tcl"/>
  <File Type="RDS-RDS" Name="ayud9_wrapper.vds"/>
  <File Type="RDS-UTIL" Name="ayud9_wrapper_utilization_synth.rpt"/>
  <File Type="RDS-UTIL-PB" Name="ayud9_wrapper_utilization_synth.pb"/>
  <File Type="RDS-DCP" Name="ayud9_wrapper.dcp"/>
  <File Type="VDS-TIMINGSUMMARY" Name="ayud9_wrapper_timing_summary_synth.rpt"/>
  <File Type="VDS-TIMING-PB" Name="ayud9_wrapper_timing_summary_synth.pb"/>
  <FileSet Name="sources" Type="DesignSrcs" RelSrcDir="$PSRCDIR/sources_1" RelGenDir="$PGENDIR/sources_1">
    <Filter Type="Srcs"/>
    <File Path="$PSRCDIR/sources_1/bd/ayud9/ayud9.bd">
      <FileInfo>
        <Attr Name="UsedIn" Val="synthesis"/>
        <Attr Name="UsedIn" Val="implementation"/>
        <Attr Name="UsedIn" Val="simulation"/>
      </FileInfo>
    </File>
    <File Path="$PGENDIR/sources_1/bd/ayud9/hdl/ayud9_wrapper.v">
      <FileInfo>
        <Attr Name="UsedIn" Val="synthesis"/>
        <Attr Name="UsedIn" Val="implementation"/>
        <Attr Name="UsedIn" Val="simulation"/>
      </FileInfo>
    </File>
    <Config>
      <Option Name="DesignMode" Val="RTL"/>
      <Option Name="TopModule" Val="ayud9_wrapper"/>
      <Option Name="TopAutoSet" Val="TRUE"/>
    </Config>
  </FileSet>
  <FileSet Name="constrs_in" Type="Constrs" RelSrcDir="$PSRCDIR/constrs_1" RelGenDir="$PGENDIR/constrs_1">
    <Filter Type="Constrs"/>
    <File Path="$PPRDIR/Zybo-Z7-Master.xdc">
      <FileInfo>
        <Attr Name="UsedIn" Val="synthesis"/>
        <Attr Name="UsedIn" Val="implementation"/>
      </FileInfo>
    </File>
    <Config>
      <Option Name="ConstrsType" Val="XDC"/>
    </Config>
  </FileSet>
  <FileSet Name="utils" Type="Utils" RelSrcDir="$PSRCDIR/utils_1" RelGenDir="$PGENDIR/utils_1">
    <Filter Type="Utils"/>
    <Config>
      <Option Name="TopAutoSet" Val="TRUE"/>
    </Config>
  </FileSet>
  <Strategy Version="1" Minor="2">
    <StratHandle Name="Vivado Synthesis Defaults" Flow="Vivado Synthesis 2023">
      <Desc>Vivado Synthesis Defaults</Desc>
    </StratHandle>
    <Step Id="synth_design"/>
  </Strategy>
  <BlockFileSet Type="BlockSrcs" Name="ayud9_rst_ps7_0_50M_0"/>
  <BlockFileSet Type="BlockSrcs" Name="ayud9_axi_gpio_0_0"/>
  <BlockFileSet Type="BlockSrcs" Name="ayud9_processing_system7_0_0"/>
  <BlockFileSet Type="BlockSrcs" Name="ayud9_auto_pc_0"/>
</GenRun>
